"","baseMean","log2FoldChange","lfcSE","stat","pvalue","padj"
"Nonomuraea sp. ATCC-39365",214.558940462825,30,3.05376689649095,9.82393254523543,8.88098892012373e-23,1.17289751897557e-20
"Serratia marcescens",14.3135800202099,30,3.06387933465058,9.7915083210747,1.22455330163603e-22,1.17289751897557e-20
"Bordetella pertussis",310.807422453798,30,3.06862998087423,9.77634976747937,1.42248433137591e-22,1.17289751897557e-20
"Fusarium verticillioides",157.605416698827,30,3.06933791313716,9.77409488593488,1.4545155944873e-22,1.17289751897557e-20
"Shigella boydii",93.3890071009347,30,3.07006458246123,9.77178140531147,1.48812126857895e-22,1.17289751897557e-20
"Isoptericola sp. AK164",10.4712569299244,-29.825139629332,3.05402506154829,-9.76584639230551,1.57788903898059e-22,1.17289751897557e-20
"Streptomyces sp. SJL17-4",16.1859977669276,30,3.08602753166598,9.72123537206572,2.44793300403862e-22,1.55968302828746e-20
"Streptomyces sp. enrichment culture",70.3195844008532,29.6440933168394,3.07083501785203,9.65343079146422,4.75381327825624e-22,2.65025090262786e-20
"Bordetella bronchialis",55.0426367981934,29.4466974035707,3.07101215704351,9.58859682011788,8.92910464653822e-22,4.42486741372894e-20
"Achromobacter aegrifaciens",47.8870940144282,29.1726482278309,3.07130208505478,9.49846267802425,2.13011644027897e-21,9.5003193236442e-20
"Ornithinimicrobium flavum",41.465453054639,28.7708090264191,3.07162978641241,9.36662652305592,7.48878177625503e-21,3.03636061109977e-19
"Bordetella genomosp. 13",39.0802721267173,28.7031309978313,3.07177080965961,9.34416425456298,9.26180141998422e-21,3.44230286109413e-19
"Bordetella petrii",34.1264348148799,28.39406838117,3.07210879234924,9.24253348445289,2.40728586925141e-20,8.2588422898933e-19
"Nocardioides sp. cx-173",31.0073520629823,28.1952106230847,3.07236174549674,9.1770478083876,4.43071601414681e-20,1.41149953022106e-18
"Achromobacter deleyi",30.6404011509943,28.0366565263957,3.0723971814245,9.12533597410627,7.15140917211743e-20,2.12635232717625e-18
"Nocardioides renjunii",26.0535147511449,27.8166234466892,3.07285364345511,9.05237498243236,1.39891965458171e-19,3.89948853714651e-18
"Methylocystis sp. S23",21.4666283512954,27.3807887184278,3.07345304680977,8.90880332362616,5.15863308662836e-19,1.28752737195347e-17
"Brasilonema sennae",21.6501038072894,27.3780530796116,3.07342428262182,8.90799660639645,5.19629881057453e-19,1.28752737195347e-17
"Streptomyces stoeckheimensis",259.849954457127,26.7987337894575,3.02187840213737,8.86823697819967,7.43130507989554e-19,1.70508381201821e-17
"Rothia dentocariosa",20.1823001593376,27.248158621179,3.07365667966405,8.86506251705288,7.64611574896058e-19,1.70508381201821e-17
"Fusarium graminearum",18.8979719673797,27.0340717550535,3.07388461620269,8.79475814171903,1.43356430588052e-18,3.04461752582243e-17
"Streptomyces xanthophaeus",17.7971192314159,26.9734391670192,3.0740929202548,8.77443846582994,1.71758762278066e-18,3.48201854436443e-17
"Streptomyces sp. NBC_00996",75.2614377050877,24.9905105269997,2.94907848173006,8.4740066030183,2.37093984566267e-17,4.59756161376327e-16
"Hydrogenophaga sp. A37",103.500861902156,25.2254151835913,2.99548804080315,8.42113700338055,3.72847948781012e-17,6.92875771484714e-16
"Yersinia similis",22.7781067089174,-25.2018853390247,3.03370022722196,-8.30730904552912,9.78967426593776e-17,1.7464778890433e-15
"Leishmania orientalis",19.6580343754885,-25.0557970296799,3.03408498805198,-8.2581065225094,1.48001446174495e-16,2.53879403822404e-15
"Tardibacter chloracetimidivorans",89.7857942521779,-24.6656408618353,3.1052802934444,-7.94312864893621,1.97144284746628e-15,3.25653151840726e-14
"Trichlorobacter lovleyi",27.4831546089143,23.4755265502071,3.02314536466996,7.76526554910466,8.14743423581394e-15,1.29776988184751e-13
"Streptomyces sp. NBC_01217",2.42967279849625,24.1231330309345,3.10924075344129,7.75852851029151,8.59204304635333e-15,1.32139696505986e-13
"Nocardioides yefusunii",50.4539542025189,-23.7949507350085,3.1068193952372,-7.65894238058592,1.87470477348409e-14,2.78706109657968e-13
"Methanocella sp. MCL-LM",31.6239888119372,23.0575449322532,3.02598395286733,7.61985036649141,2.53969950533414e-14,3.65389025606138e-13
"Roseateles depolymerans",26.7770823062901,23.0043927603569,3.02320134337859,7.60928239554441,2.75621937621081e-14,3.84148075559382e-13
"Aquabacter sp. L1I39",21.6171071515223,22.8051072346907,3.02376336956662,7.5419616046077,4.62954070704151e-14,6.25689441012277e-13
"Neisseria sp. oral taxon 014",23.4887830367312,23.3560963489333,3.10573350154021,7.52031567980655,5.4644140585243e-14,7.16802550029952e-13
"Streptomyces sp. NBC_00354",37.6129678623989,-23.2964829115023,3.10684094334642,-7.49844724474671,6.45782330380171e-14,8.2291119814159e-13
"Streptomyces cyaneofuscatus",35.086570485018,23.2577758360902,3.10573430924111,7.48865598930556,6.9582454411342e-14,8.62049296318293e-13
"Rhodopseudomonas boonkerdii",35.4896551604892,-23.203807718686,3.10684601115941,-7.46860566482562,8.10490204549631e-14,9.76969273592258e-13
"Saccharopolyspora rosea",2.15970915421889,23.0078925407035,3.10962988447322,7.39891671854099,1.37299922489565e-13,1.6114675113249e-12
"Yamadazyma tenuis",31.9508006573066,-22.9583359086823,3.10685599277526,-7.38957195379187,1.47302238500589e-13,1.68453329157084e-12
"Leishmania martiniquensis",35.4308873672246,-22.0363649378643,3.0229262866102,-7.28974604358448,3.10539823620148e-13,3.46251903336465e-12
"Humitalea sp. 24SJ18S-53",2202.844665233,20.9957347590002,3.00053691570914,6.99732592826247,2.60893892532936e-12,2.83801648950462e-11
"Hydrocarboniphaga effusa",13.6498673694189,-21.6001532041584,3.10698903173598,-6.95211762369486,3.5984316672635e-12,3.82119172285601e-11
"Agrococcus sp. SL85",1.943738238797,21.1469046119268,3.11001119067646,6.79962331818077,1.04893044944586e-11,1.0879604196578e-10
"Shewanella marisflavi",1279.07489810891,14.1111348236234,2.15335035974197,6.55310677140077,5.63521939812317e-11,5.71206329900667e-10
"Microbulbifer elongatus",1.83575278108606,19.0651679557713,3.11023302665835,6.12981978917991,8.79786686608812e-10,8.71966360505623e-09
"Leifsonia sp. WHRI 6310E",358.151232406817,12.1103945830282,2.03731546343786,5.94429031751057,2.77657129358612e-09,2.69206694986829e-08
"Cryptococcus tetragattii",5.50725834325817,18.1943120589737,3.10740323895827,5.8551499949756,4.76579691485754e-09,4.52243707239673e-08
"Micromonospora sp. NBC_00860",4.26542557958231,17.8915418040156,3.10784381957458,5.75689862255197,8.5673325440913e-09,7.96047982221817e-08
"Mycobacteroides abscessus",4.04945466416042,17.8310290634179,3.10794617942929,5.73723868882832,9.62325909987599e-09,8.75912971131569e-08
"Streptomyces sp. R35",4.15744012187137,17.7549854559364,3.1078932754592,5.71286845534074,1.11087549842161e-08,9.90900944592074e-08
"Kitasatospora sp. NBC_01539",3.45553464675023,17.6418455473191,3.10828883655488,5.67574201594234,1.38088758867433e-08,1.20759973440931e-07
"Streptomyces tubercidicus",13.0122476541688,17.5095879045452,3.10646628164431,5.63649700883829,1.73544048839678e-08,1.4884739573557e-07
"Streptomyces coelicoflavus",12.4183276367586,17.4543126106067,3.10650333910551,5.61863635904944,1.92470462166584e-08,1.61965709672258e-07
"Tardiphaga sp. 42S5",244.194061770719,11.5631872989238,2.11502437978001,5.46716501685268,4.57290301530225e-08,3.77687915708297e-07
"Streptomyces huangiella",153.074722275437,10.8041051816659,2.01340106458539,5.36609688536683,8.04587338793063e-08,6.52447187457647e-07
"Actinospongiicola halichondriae",104.268239989464,10.4356053423562,2.00082885006629,5.21564117890963,1.83182477219426e-07,1.45891758642615e-06
"Mycoplasma amphoriforme",23.689206486044,-16.0463282720064,3.1087925171063,-5.16159511569545,2.44854425688013e-07,1.91587848871673e-06
"Kwoniella pini",2.86161462934003,16.0355294665553,3.1087630307799,5.15817040661746,2.49374611946722e-07,1.9176047746248e-06
"Akkermansia muciniphila",2.9156073581955,16.0212087259112,3.10871254014825,5.15364753704346,2.55467907043329e-07,1.92150893224761e-06
"Streptomyces sp. NBC_01210",2.96960008705098,16.0044458769429,3.1086637620467,5.14833610258506,2.62807275486781e-07,1.92150893224761e-06
"Brachybacterium kimchii",2.96960008705098,16.0044458769429,3.1086637620467,5.14833610258506,2.62807275486781e-07,1.92150893224761e-06
"Myxococcus fulvus",3.13157827361739,15.9628543852107,3.10852685754496,5.13518303580551,2.81869560505472e-07,2.02764232234581e-06
"Methanosarcina lacustris",157.021338474612,-10.3007871389428,2.02658812540491,-5.08282221227596,3.71867741437245e-07,2.63258750287319e-06
"Neisseria lactamica",392.989562474653,12.3915194723107,2.44940418093098,5.05899335388613,4.21475554402279e-07,2.93715776974088e-06
"[Mycoplasma] cavipharyngis",12.1791965549718,-15.6557661781072,3.10881301280747,-5.0359304704431,4.75533161037995e-07,3.26288907419916e-06
"Micromonospora sp. NBC_00330",83.257841011094,10.1180626484674,2.02879596569031,4.98722533935277,6.12526083813756e-07,4.13919141486266e-06
"Ornithinimicrobium sp. W1665",130.290267339303,-9.94494411422763,2.01289365082544,-4.94062073778685,7.78742529172674e-07,5.18386817926885e-06
"Streptomyces canus",182.222522944003,11.2779551262195,2.34287381297442,4.81372708327876,1.48141088265206e-06,9.71631255386497e-06
"Mycolicibacterium smegmatis",59.6750053610068,9.52013816732649,2.00495604879255,4.74830267379669,2.05130891679751e-06,1.32591851723433e-05
"Serinicoccus hydrothermalis",183.995615376694,11.3167810721329,2.42062365056517,4.67515099651722,2.93737414871134e-06,1.87152695760751e-05
"Streptomyces sp. NBC_00829",125.363323213174,10.6629532658015,2.41259467816771,4.4197035508259,9.88363888357429e-06,6.20859569306216e-05
"Candidatus Phaeomarinibacter ectocarpi",97.544709558022,10.2029096259652,2.33376771184608,4.37186167851058,1.23191566951128e-05,7.63103317502819e-05
"Streptomyces ipomoeae",88.8606151540469,10.2298338468994,2.35332264814228,4.34697462966875,1.38028177653335e-05,8.43295441553252e-05
"Trichoderma atroviride",100.361068610417,12.8894352045332,3.04598682055294,4.2316122701389,2.32022129731589e-05,0.000139840364676066
"Lentzea sp. HUAS TT2",50.3882668326539,-8.49429223041182,2.01906543037042,-4.2070415859943,2.58735543023782e-05,0.000153861402918142
"Rhodobacter capsulatus",62.4631900611165,12.7586212256256,3.04632450008355,4.18820162634534,2.81173664299023e-05,0.000165004545101795
"Porcisia hertigi",119.560254973272,-9.77707310356278,2.33695211239451,-4.18368568688595,2.86820606249711e-05,0.000166132455048534
"Kolteria novifilia",29.1824655807391,9.42969169728452,2.30105599033019,4.09798446318181,4.16763247204307e-05,0.000238303087504001
"Lysobacter sp. 5GHs7-4",55.9615063058103,9.4241921925926,2.31963414185221,4.0627924992807,4.84891301320175e-05,0.00027374875998582
"Micromonospora sp. IBSANI012",43.9862567103503,9.17533732980371,2.32197701939328,3.95151943932726,7.76565627879097e-05,0.000432935337542597
"Eisenbergiella porci",35.0616883359257,8.88141366098945,2.30248909667402,3.85730975830409,0.000114641842910096,0.000631237801702502
"Kutzneria buriramensis",34.2456957108906,8.85359903528339,2.33700114728026,3.78844445394773,0.000151593475947556,0.000824520613080607
"Sphaerotilus sulfidivorans",120.179262425096,-10.0248115025789,2.71142916103621,-3.69724263743914,0.000217954000746417,0.00117117451003496
"Marivirga salinarum",24.5471657969268,8.39312036706032,2.32154462906725,3.61531725988507,0.000299980020246897,0.00159275105988233
"Thiovibrio sp. Mzg5",27.7126110622224,8.51048160015042,2.36507946477321,3.59839139737595,0.000320191504674281,0.00168006365982035
"Sugiyamaella lignohabitans",58.9326606583018,-8.06806912602024,2.24567485414108,-3.59271472944648,0.000327250787435343,0.00169713780460655
"Streptomyces sp. NBC_00690",30.7338858570257,-8.0564098382417,2.28270127843121,-3.52933163632277,0.000416610697259036,0.00213572840204058
"Candidatus Leptofilum sp.",21.2020677478707,8.12301312595595,2.32703440519558,3.49071466576501,0.000481730438147707,0.00244149744788497
"Besnoitia besnoiti",98.5390714368198,-6.99153038365069,2.06061759984484,-3.39292956838626,0.000691494154233351,0.00346524036840533
"Vulgatibacter incomptus",32.8660581167023,8.72148854520355,2.60376442850844,3.34956897394886,0.000809374013959985,0.00401089789140171
"Pseudonocardia halophobica",87.40887586809,9.88437247536825,2.96039399917687,3.33887059564253,0.000841197407879316,0.00412279169136456
"Pyricularia grisea",54.6475161923002,6.7005164839515,2.02255425653507,3.31289826332296,0.000923345605763575,0.00447621891489733
"Salinibaculum marinum",34.7085036893742,8.61048045530288,2.61169340671553,3.29689558244566,0.000977598385151485,0.00468826752448992
"Alternaria dauci",25.1008903672076,-7.6068915527379,2.31070584209396,-3.29202073849631,0.00099470276378056,0.00471954715580989
"Amycolatopsis rhizosphaerihabitans",46.6144823222814,-8.55254087028817,2.65550817269512,-3.2206795513674,0.00127887055424572,0.00600396070730096
"Geoalkalibacter halelectricus",292.085298668135,5.63851647195096,1.76732717337023,3.19042028941281,0.00142066024761912,0.0066001507337305
"Ignicoccus hospitalis",16.7770558546954,-7.17157488393089,2.25877260785742,-3.17498753924307,0.00149842935741198,0.00688968549902829
"Colletotrichum destructivum",15.2783062086733,-7.04491192883798,2.27228068216085,-3.10037047101882,0.00193278729232945,0.00879615441202993
"Caldimonas brevitalea",25.6676617216275,7.87171306526468,2.54872001999286,3.08849658005462,0.00201172009046073,0.00897481202701455
"Pigmentiphaga sp. CHJ604",39.28404670479,9.11149917581348,2.95022096136179,3.08841245965784,0.00201228969215573,0.00897481202701455
"Pseudophaeobacter sp. TrK17",17.1997313714568,7.79185975527696,2.56712661878695,3.03524559258353,0.0024033989202321,0.0106130288952824
"Campylobacter lari",16.6534453126064,7.82103319168673,2.58933071678005,3.02048445994281,0.00252370658376062,0.0110350307486003
"Nocardioides sp. DN36",103.882984257347,7.9136531729145,2.63084831918781,3.00802334942578,0.00262952933906287,0.0113861173322528
"Akanthomyces muscarius",3442.59027512312,5.93847590209647,2.00774948127502,2.957777331027,0.00309865870180007,0.0132884786634888
"Actinomyces sp. Chiba101",188.822215763186,6.99156887923702,2.38238884066224,2.93468839339154,0.0033388280008032,0.0141820694129355
"Geothrix sp.",32.8317024852174,8.49713332259123,2.90027594296709,2.92976719790957,0.00339216035436486,0.014272674698554
"Pectobacterium brasiliense",23.2257916984235,-7.58395541909209,2.61245526812278,-2.90299914859084,0.00369607641924805,0.0154060755419124
"Botrytis cinerea",37.4069519456343,-8.43662307994672,2.9691762937544,-2.84140187219364,0.00449156723254055,0.018548509126973
"Kwoniella botswanensis",158.435670727356,-7.71704973082236,2.71947360129783,-2.8376998133534,0.00454398955876393,0.0185928380110891
"Nocardioides scoriae",33.7486842161882,8.41955830838787,2.99021297789662,2.81570522589008,0.00486703004211487,0.019733594534393
"Paenisporosarcina cavernae",22.1551915849091,8.03767984761522,2.87534097266967,2.79538319942364,0.00518382297034867,0.0208286940970766
"Leishmania major",32.0728493514009,-8.06963231318986,2.89801376497215,-2.78453898691796,0.00536038764597986,0.0211766638571258
"Lactococcus garvieae",20.9920894347514,8.00939135103045,2.87669206661615,2.78423660425076,0.0053653879279265,0.0211766638571258
"Clostridium intestinale",18.1202996351049,7.97321596915989,2.90835897442722,2.7414827534246,0.00611625715575688,0.0239285148374348
"Intrasporangium calvum",25.5380396643965,-7.79235415416032,2.92354403238665,-2.66537943941929,0.00769014998582716,0.0296137101426156
"Lodderomyces beijingensis",90.6812765870553,-5.13019613992607,1.92513358686561,-2.66485202633588,0.00770222057520945,0.0296137101426156
"Robiginitalea biformata",14.1874952697267,7.56938294194534,2.86806570126366,2.63919440151259,0.00831033108970656,0.031678698000078
"Streptomyces sp. NBC_01006",49.1810442988681,7.85964292033672,2.98620333544576,2.63198517898765,0.00848875658925874,0.0320846223627915
"Stappia sp.",16.1458401274701,7.85627055363906,3.02386349548061,2.59809034547388,0.00937438257522973,0.0351342405760711
"Nocardioides sp. Kera G14",15.0449873915062,7.75416898763972,3.02402275336844,2.56419002767171,0.0103416907041328,0.0384366171170271
"Fusarium oxysporum",370.445566761366,6.81201202309458,2.6658164970202,2.55531917921166,0.0106090466131265,0.0391044197475573
"Tundrisphaera macrotermitis",13.0267573755724,7.54585916062666,3.02438474878177,2.49500635250397,0.012595487523229,0.0460457986504928
"Mycobacterium colombiense",11.9259046396086,7.41813236395667,3.02463393317189,2.45257195675821,0.0141839007700818,0.0514310548248494
"Aurivirus haliotidmalaco1",12.7311838266598,6.86817499785459,2.80751738042703,2.44635172901758,0.0144310140481626,0.0519050989151655
"Roseimaritima multifibrata",12.0498873610023,-6.00680295491678,2.48389031040105,-2.41830443549133,0.0155930248620319,0.0556359127077299
"Mycolicibacterium rutilum",137.074522899575,-7.18481926225497,2.97605755265925,-2.41420709617493,0.0157694963220397,0.0558190107907118
"Aquipluma nitroreducens",64.0722349516633,5.0482425114902,2.09711684252801,2.40722996883888,0.0160740444224644,0.056449006397001
"Sorangium sp. So ce291",10.7527433605736,-5.96127687949068,2.49598205121423,-2.38834925779642,0.0169242496587869,0.0589704324048356
"Quatrionicoccus australiensis",10.2746255356628,7.20245828564722,3.02510803403558,2.38089291509994,0.0172707316896978,0.0597112118884126
"Chania multitudinisentens",14.0058849792364,-6.92638433219221,2.91814840084159,-2.37355452183126,0.0176177917942489,0.0604425780018079
"Trypanosoma brucei",13.2093274763217,-6.83323999362042,2.88511676945596,-2.36844486364028,0.0178630426761333,0.0608161605614919
"Streptomyces sp. NBC_00286",9.72419916768083,7.12275342264054,3.02530192648154,2.35439423757759,0.0185529224743751,0.0626863895725099
"Sulfitobacter mediterraneus",10.4485202055416,7.0981973187974,3.02543806862022,2.34617174696774,0.0189673651864584,0.0636048486703793
"Leishmania mexicana",17.7437779743483,-6.61627772399342,2.8249443757325,-2.34209132782582,0.0191760219091291,0.0638246699363551
"Streptomyces aurantiacus",11.7125878192275,-6.65659261625391,2.87807639524331,-2.31286168332969,0.0207302450842646,0.0684865874635705
"Actinokineospora sp. G85",9.05079938340807,6.93474969953241,3.02581373922984,2.29186271766269,0.021913566207432,0.0715963176799992
"Babesia bigemina",7.5277853088804,-5.76803492089731,2.5182473074886,-2.29049581577819,0.0219925908568608,0.0715963176799992
"Sutterella wadsworthensis",8.256395519729,6.88578820374049,3.02594568593264,2.27558222070935,0.0228710264586247,0.0730475344483891
"Stutzerimonas stutzeri",29.8937261624677,-6.8592615180307,3.01543574126993,-2.27471652741702,0.0229229403868399,0.0730475344483891
"Spirosoma aerolatum",9.50861138191397,6.8829198576145,3.02598651731824,2.27460361049938,0.0229297193335751,0.0730475344483891
"Pseudooceanicola antarcticus",10.9334242432373,-6.51772439598749,2.87486162170359,-2.26714369372854,0.0233814491503378,0.0739583427024869
"Naumovozyma castellii",12.7939678620996,-6.79138048025197,3.02345091908204,-2.2462347370646,0.0246889763301744,0.0775442496004068
"Nonomuraea gerenzanensis",7.70596915174707,6.78582764166989,3.02625049499294,2.24232186096205,0.0249405778686434,0.0777866974084962
"Sneathiella sp. D3-11",7.90094190831454,6.74100670660228,3.02644511254512,2.22736790390141,0.0259226956796737,0.0802883491189893
"Longispora sp. K20-0274",12.4854788795854,-6.22820899026134,2.83560901804339,-2.19642727563298,0.0280613751672275,0.0862448833784103
"Hemiselmis andersenii",6.97206732777116,6.64076703391431,3.02673199812147,2.19403866547678,0.0282326299848608,0.0862448833784103
"Gracilibacillus caseinilyticus",7.5540072772861,6.63207832345602,3.02676434663789,2.19114459003817,0.0284413308432593,0.0862913847353311
"Microvirga sp. RSM25",9.14349001374497,-6.27878100095623,2.87487783174022,-2.18401663251045,0.0289610258980255,0.0872744429089147
"Phaeodactylum tricornutum",24.713622986977,-4.23816134830617,1.96480934184757,-2.15703440432592,0.0310029838741977,0.0928008779053167
"Maricaulis maris",6.42164095978923,6.52151859092949,3.02716558906206,2.15433163434912,0.0312141737387559,0.0928101432499008
"Pigmentiphaga aceris",6.05469004780127,6.43616572565371,3.02749860059226,2.12590213068789,0.0335114094514208,0.0989807193068455
"Streptomyces sp. NBC_01754",18.4253397053974,-6.37001319384164,3.00922931755496,-2.11682544652907,0.0342746648653907,0.0997788294023549
"Streptomyces kronopolitis",9.68465265914875,-6.3956213109054,3.02419059736112,-2.11482084379409,0.0344452196600881,0.0997788294023549
"Kutzneria sp. CA-103260",142.675958435968,3.54468384559597,1.67705948627192,2.11363035993181,0.0345468507015721,0.0997788294023549
"Borreliella burgdorferi",65.7751698569534,-4.57615443653238,2.16721772374048,-2.11153424337737,0.0347264177994875,0.0997788294023549
"Carbonicoccus zhangzhihongae",31.5631556693821,6.3660427364385,3.01777661503368,2.10951423797399,0.0349002183559806,0.0997788294023549
"Xanthomonas phage vB_XooS_NR08",76.7149281504159,-4.19793571454469,1.99331967455967,-2.10600224746793,0.0352041571249288,0.100006713870817
"Frankia casuarinae",5.50426367981934,6.2978507328315,3.02808168808739,2.0798153357644,0.0375424739243013,0.105804633566178
"Penicillium oxalicum",219.17201485345,6.0874359692753,2.92962527562727,2.07788894365404,0.0377195890964624,0.105804633566178
"Kroppenstedtia eburnea",8.75119731293112,-5.98077117068602,2.89711353629021,-2.06438964016042,0.038980787941261,0.10824117846471
"Candidatus Palauibacter irciniicola",5.32078822382536,6.24863321947598,3.02830296601554,2.06341085736794,0.0390736092664089,0.10824117846471
"Lichenicola sp.",7.80235686225436,-5.84960021568201,2.84322052764553,-2.05738533427305,0.039649174731662,0.109157604508156
"Ustilaginoidea virens",355.914299891531,2.9499429433882,1.44068771835262,2.04759359423246,0.0405998375431475,0.110724011089256
"Tundrisphaera lichenicola",5.13731276783138,6.1976776032301,3.02854011277252,2.04642414247449,0.0407146587861837,0.110724011089256
"Marinobacterium iners",8.12131041701919,-6.14167306627769,3.02484873683168,-2.03040667504937,0.0423152187196361,0.114379318478532
"Staphylococcus simulans",5.27072502462488,6.12912055899569,3.02887174767618,2.02356556156532,0.0430148714656821,0.115570076347555
"Candidatus Symbiobacter mobilis",4.77036185584342,6.09002648110742,3.02906937820813,2.01052723484004,0.0443754166975961,0.117568415406217
"Rhodopseudomonas palustris",7.77398118214788,-6.07736084725292,3.02504901084631,-2.00901235829983,0.0445358231374537,0.117568415406217
"Leisingera caerulea",22.3305218584938,6.0640702094467,3.02187993048616,2.00672109711226,0.0447793683478462,0.117568415406217
"Croceibacterium sp. TMG7-5b_MA50",7.85032457547249,-6.06826090780542,3.02537967781815,-2.00578491099727,0.0448792012187839,0.117568415406217
"Microterricola viridarii",6.40109147097104,-5.734691305712,2.86259115411373,-2.00332181473798,0.0451427574634675,0.117568415406217
"Fusarium poae",268.662691931834,5.96001771550762,2.97779973730463,2.00148372667343,0.0453402857620389,0.117568415406217
"Ogataea parapolymorpha",7.67921606419195,-6.03998092642614,3.02542481790492,-1.99640754272942,0.0458895804691993,0.118304929995739
"Gymnodinialimonas sp. 57CJ19",37.2865108294476,3.85174783138661,1.93470631400313,1.9908695203547,0.0464952338813459,0.119177438569427
"Sorangium sp. So ce1099",6.09326015324144,-5.71403793638348,2.88049687698592,-1.98369870907914,0.0472894375720581,0.12052050946936
"Marinobacter apostichopi",7.26239334091231,-5.97440674095499,3.02542278420889,-1.97473449731992,0.0482982859019189,0.122392247228726
"Photobacterium toruni",5.77836197927637,5.97561244463586,3.02985468098605,1.97224391061921,0.0485817691866067,0.122415079419359
"Streptomyces sp. ACT015",14.2347278911659,5.93404296772686,3.01405271600514,1.96879203081488,0.0489769778055368,0.122717596074547
"Alloacidobacterium dinghuense",6.38386840506679,-5.56629765411206,2.85015125274588,-1.95298324913437,0.0508215800952418,0.126488192838467
"Hwanghaeella sp.",4.21993548786149,5.91180541814707,3.03003672377139,1.95106725003281,0.0510490464370494,0.126488192838467
"Fusarium musae",151.735095341928,5.78095590011178,2.98652752819472,1.93567808953237,0.0529071395946193,0.13036786883536
"Nocardioides pantholopis",10.3787128517024,-5.82720339098291,3.01483298650032,-1.93284451147897,0.0532553551489531,0.130504881299083
"Dankookia sp. P2",11.7654757030201,5.84118735645729,3.02814082659056,1.92896819895724,0.0537348102624813,0.130960247962113
"Sorangium cellulosum",3.85298457587353,5.77945238128629,3.03083600776617,1.90688389819743,0.0565356237170435,0.137037435748921
"Scheffersomyces stipitis",6.93068764495056,-5.73063622945806,3.02526834039046,-1.8942571648763,0.0581908836999353,0.140287211514439
"Rhodoferax sp. PAMC 29310",6.98612708878258,-5.70628226341988,3.02471978878206,-1.88654905640617,0.059221004298267,0.14200305331735
"Ascochyta rabiei",7.88672423389093,-5.69317924809713,3.02528266778935,-1.88186687766842,0.0598540926370709,0.142753611316223
"Serinicoccus marinus",5.69943997963804,-5.60511404761733,3.02589760774856,-1.85238060708467,0.0639711880686833,0.151761435524642
"Mycoavidus sp. HKI",10.2606247098355,5.56464647926731,3.01725997761707,1.84427146502042,0.0651435878873539,0.153725080411428
"Streptomyces sp. T12",25.1570387129746,-5.42962317822798,2.9699243614834,-1.82820251203839,0.06751916416012,0.15788238618563
"Colletotrichum lupini",113.870589086139,3.36408296881585,1.84073558371669,1.82757534464744,0.0676133088821867,0.15788238618563
"Shewanella woodyi",35.1078636768791,3.83299492905667,2.11717081132182,1.81043253976452,0.0702287369772043,0.163135503603298
"Haloferax larsenii",16.8108266981209,-5.30113198981348,2.96000445322675,-1.79092027514844,0.0733060895710606,0.16940163703986
"Evansella cellulosilytica",5.00585644642579,-5.35969064562974,3.02866124826798,-1.76965669194428,0.076784348547695,0.176524842537484
"Desulfoferula mesophila",24.3584157709468,4.03236153000231,2.28681111301914,1.76331202303746,0.0778478786172433,0.176792685778567
"Abelson murine leukemia virus",13.1504806703813,-4.11732664288133,2.33593440752684,-1.76260370565821,0.0779673516578983,0.176792685778567
"Photobacterium sp. CCB-ST2H9",8.55052059152956,5.32012712689276,3.01957880013234,1.76187722826097,0.0780900428214747,0.176792685778567
"Isoalcanivorax pacificus",8.38315288104923,5.3121649694734,3.03307229630172,1.75141389671147,0.0798746409605738,0.17991964580008
"Nakaseomyces glabratus",4.54674425341911,-5.27961555141349,3.02703739481447,-1.74415273509929,0.081132460527341,0.180989231338708
"Syntrophomonas wolfei",9.01939719027209,5.29016012742124,3.03336865058949,1.74398852786758,0.0811610902864161,0.180989231338708
"Actinomyces procaprae",5.85563709897089,-5.24333288024816,3.02209149067179,-1.73500137121349,0.0827405623354299,0.183593486575133
"Actinomadura sp. NAK00032",5.78674725074771,-5.22799190868299,3.02222810639754,-1.72984689594284,0.0836576332242652,0.184709427811991
"Halomonas sp. H10-59",11.3996155798163,-5.17133645239984,3.01302890771545,-1.71632487134711,0.0861025986319718,0.189171226551032
"Fusarium pseudograminearum",4.36445360967097,-5.17870329136138,3.02943388406148,-1.70946239117733,0.0873653324450324,0.189826708849009
"Pseudothauera hydrothermalis",4.22655099613607,-5.17444269382614,3.02746354243075,-1.70916763201435,0.0874199026684928,0.189826708849009
"Kwoniella shivajii",25.2314277465923,4.48927722285143,2.62872631515087,1.70777657490517,0.0876778072262237,0.189826708849009
"Mycobacterium intracellulare",7.49427981257591,5.14500812082606,3.02148690087057,1.702806694063,0.0886042497195399,0.190905774758042
"Agrobacterium salinitolerans",133.535929771832,-3.09100148925449,1.81862964320905,-1.69963219328169,0.0892001309143707,0.191227795742737
"Streptomyces sp. HUAS TT11",4.28991123666972,-5.14289494531798,3.02977335060646,-1.69745203689528,0.0896112316372916,0.191227795742737
"Pseudoduganella sp. S-14",115.276913942838,4.64926174375945,2.75251616706451,1.68909516296058,0.0912011946673154,0.192900856104165
"Elizabethkingia anophelis",4.08051521669981,-5.11586513226111,3.02931356129962,-1.68878692441014,0.0912602704887416,0.192900856104165
"Trichoderma breve",1313.43302357244,3.30381856475622,1.96208231204637,1.68383280582682,0.0922139852160717,0.193997346256453
"Dactylosporangium sp. CA-052675",5.09784876851584,-5.06420506869616,3.0237613795179,-1.67480314518191,0.0939728615968912,0.19676946606673
"Plasmodium relictum",37.8519627736612,4.3785775969215,2.67286764694638,1.63815728097267,0.101388888430619,0.211305814205868
"Debaryomyces hansenii",3.58616448157,-4.93785441937919,3.02854223272944,-1.63043934669816,0.103008674447845,0.213683110715066
"Cellulomonas sp. NTE-D12",3.33000987574357,-4.83116501330813,3.02908885178695,-1.59492350660433,0.110729342337196,0.228635586492543
"Leishmania panamensis",6.12165347511217,-4.7819235499792,3.01921260532249,-1.58383134117461,0.113232105070751,0.232725893371222
"Methylocaldum marinum",2.90420464178171,4.79713684029354,3.04338091652229,1.57625252042892,0.114967619014138,0.23520898201975
"Desulfobulbus oligotrophicus",3.45542510917113,-4.76193488655735,3.0325180218262,-1.57029071295995,0.116347493777415,0.236945124313823
"Pararhizobium gei",5.7907522526233,4.68589196075668,3.02720097207349,1.54792892972252,0.121639408526707,0.246360514542853
"Theileria equi",53.9098808040112,2.43839073064888,1.57710278429206,1.54612036383123,0.122075501600831,0.246360514542853
"Plasmodium coatneyi",43.7162793187228,3.53630102390268,2.32553128059679,1.52064220911928,0.128349648450742,0.25785560004068
"Penicillium digitatum",16.1146186079679,4.47798455477061,2.96140420813504,1.51211528047049,0.130504538211437,0.261009076422874
"Ensifer sp. PDNC004",210.946246530733,4.46133748568459,2.95790364354239,1.50827681470438,0.131483694634501,0.261793427709766
"Parvularcula sp. IMCC14364",2.48931826438433,4.57966164433437,3.0468051883847,1.50310287700486,0.132812517048931,0.263263922683659
"Plasmodium gaboni",4.72793491531634,4.54607759161271,3.02995740721663,1.50037673162832,0.133516843358419,0.26348899176042
"Alistipes finegoldii",2.6896233611775,-4.523780503688,3.03090609908919,-1.49255052970708,0.13555488106463,0.266332497598347
"Gramella sp. MT6",2.56154605826429,-4.45357942986728,3.03137739588558,-1.46916033480754,0.141789306027854,0.2769931090922
"Nocardioides sp. TF02-7",17.410469823688,4.43889936350769,3.02881896645552,1.46555453220181,0.142769685795873,0.2769931090922
"uncultured Acetobacteroides sp.",10.0067234263418,4.32458226407303,2.95136505995699,1.46528205634312,0.142843980025126,0.2769931090922
"Cellulomonas persica",4.27526029576478,4.41816827364554,3.03223701312173,1.45706561015063,0.145098270173906,0.280146443712389
"Antarcticirhabdus aurantiaca",2.43346875535107,-4.37978520490566,3.03189775011964,-1.44456890234271,0.148579012960329,0.285529619700929
"Nannocystis punicea",2.96226347359704,-4.37358962201353,3.031991829073,-1.44248067559955,0.149166819260799,0.285529619700929
"Cystobacter fuscus",2.34469528331598,-4.32744506529235,3.03488488898326,-1.42590089034386,0.153896952396488,0.293324960550572
"Mesomycoplasma hyorhinis",8.53882132095823,-4.28426208396681,3.01488673575016,-1.42103583300976,0.155306342516314,0.294751611754366
"Pantoea vagans",8.43175146113431,-4.27433636327172,3.01499153894528,-1.41769431458073,0.15628003070266,0.29534276988723
"Truepera radiovictrix",4.52367661187706,4.27983920789039,3.0342295902454,1.41051923745304,0.158386420142615,0.298060520605933
"Candidatus Pelagisphaera phototrophica",37.1145434495073,3.05339576630782,2.18559205331579,1.39705658321528,0.162396556430845,0.304322958689735
"Piscirickettsia salmonis",16.5084129047892,-3.37380857602597,2.42157094669655,-1.39323135695382,0.16354984039587,0.304538030348154
"Pseudarthrobacter sp. BIM B-2242",159.171280653996,-3.16043336630232,2.27018156725738,-1.39215004292386,0.163876967003491,0.304538030348154
"Bremia lactucae",19.7479297465546,-3.49256418290462,2.51791380214036,-1.38708647608816,0.165415395335452,0.306121437010836
"Roseburia hominis",8.94835648903314,4.20439716845215,3.04539904999,1.38057348131962,0.167410141758264,0.307290974644869
"Prevotella sp.",3.57109977646234,4.19231039562593,3.03675289994782,1.38052404451411,0.167425351656285,0.307290974644869
"Corallococcus exiguus",2.11327549806804,-4.17686683482209,3.03347108293683,-1.37692653749588,0.16853496157588,0.308059806814929
"Archangium violaceum",11.7783422886041,-2.85244229828712,2.09217688863018,-1.36338486185779,0.172761249483037,0.313910916912331
"Huiozyma naganishii",2.04923684661143,-4.13261657250246,3.03384399098836,-1.36217174804567,0.173143689597384,0.313910916912331
"Streptomyces harbinensis",6.55802891421557,-4.07650229967302,3.01722854809679,-1.35107507922938,0.17667138350212,0.319009866566581
"Porphyrobacter sp. ULC335",1.98519819515482,-4.08696505417616,3.03424064921779,-1.34694822417258,0.177996908545827,0.320107343594511
"Podospora pseudopauciseta",451.039526700232,3.63720178638051,2.73211270759815,1.33127808976008,0.183097524834791,0.327348209359671
"Clostridium sp. MD294",5.96549759107939,-4.02134163832215,3.03488240211306,-1.32504034934674,0.185157768857255,0.327348209359671
"Kwoniella bestiolae",137.298635882568,-2.81673834069695,2.12710159448175,-1.32421429611275,0.18543188423821,0.327348209359671
"Spirosoma linguale",3.11842515691078,4.02473249412729,3.04055397216907,1.32368395067697,0.185608030833365,0.327348209359671
"Candida dubliniensis",2.60951492079354,-4.01172986994068,3.03131676131568,-1.32342812903508,0.18569304252914,0.327348209359671
"Pyricularia pennisetigena",3.05273471004584,-3.97929947463672,3.02722222959112,-1.31450523709129,0.188676236857294,0.330972142687455
"Streptomyces sp. NBC_00035",58.1877851683624,-3.20016123496114,2.4375650556198,-1.31285162116317,0.189232951536549,0.330972142687455
"Cerasibacillus sp. JNUCC 74",2.91723643711008,3.94310039939163,3.04255854498587,1.29598176701969,0.19498176661498,0.339694796524536
"Horticoccus luteus",5.92170650009546,3.94756047003288,3.05364691349859,1.29273638434842,0.19610224923696,0.340317522022118
"Leishmania enriettii",136.990251685472,-2.37752314601523,1.84706323528638,-1.28719098544918,0.198027728492621,0.341151316393517
"Opitutus terrae",83.9338396505443,2.12135372682681,1.64836054438249,1.2869476487145,0.198112535753186,0.341151316393517
"Haloglomus salinum",1.72904358932839,-3.88836514756062,3.03611679843482,-1.28070341350674,0.200297860350452,0.34264072329817
"Hyphococcus sp.",1.92891575024924,-3.88400000542385,3.04075776336213,-1.27731319219896,0.201491698000543,0.34264072329817
"Aspergillus chevalieri",639.850567446529,3.70633029731064,2.90789030458341,1.27457706759733,0.202458978645114,0.34264072329817
"Streptomyces sp. GD-15H",2.76634489725956,3.87848650356554,3.044220898525,1.27404897109956,0.202646061360423,0.34264072329817
"Fulvia fulva",84.8405259552293,-2.61859724564396,2.05807425741208,-1.27235314090985,0.203247675300846,0.34264072329817
"Verrucosispora sp. TAA-831",205.368611169164,-1.81726576714563,1.42934415271556,-1.27139832887207,0.203586976847567,0.34264072329817
"Microcoleus anatoxicus",2.71604771730939,3.8562453566146,3.04480911652182,1.26649822995134,0.205334762740355,0.344283098429317
"Synechocystis sp. LKSZ1",1.66500493787179,-3.8341247948193,3.036674688691,-1.26260636646333,0.206730678776751,0.345325403499741
"Zygosaccharomyces rouxii",5.15661656178049,-3.8203103782289,3.03711447576786,-1.2578750023122,0.208436965443984,0.346876442492601
"Actinomadura formosensis",1.64979976781542,-3.80711268439976,3.04141385206183,-1.25175752777572,0.210658230697802,0.348842247345862
"Glycocaulis alkaliphilus",5.05550643311812,-3.79307563467643,3.03744075913663,-1.24877353517656,0.211747916182942,0.348842247345862
"Gordonia pseudamarae",4.73736520007637,3.8120269240869,3.058793387456,1.24625185202763,0.212671948187666,0.348842247345862
"Streptomyces sp. NBC_00445",4.41663171773702,-3.76480656912752,3.02139815400618,-1.24604781535847,0.21274684143066,0.348842247345862
"Chitinophaga sancti",1.60096628641518,-3.77776330341674,3.03727653793253,-1.24379958697744,0.213573332449851,0.348914674991331
"Yarrowia lipolytica",1.59480644222158,-3.75967302793759,3.04203888322571,-1.23590564495051,0.216493638495246,0.352394754630947
"Schleiferilactobacillus harbinensis",4.8532861757934,-3.73700121521056,3.03813165834938,-1.23003267647752,0.218684868709422,0.354667096161462
"Hyphobacterium sp.",57.7181016909766,3.30994092919026,2.72162511852405,1.21616342627866,0.223922672960219,0.361846058479195
"Chimaeribacter sp. YP20170169",1.5844665091333,-3.67046724958241,3.04473490235189,-1.20551291567196,0.228005355050825,0.367113315352592
"Imperialibacter roseus",3.81621085561707,3.67861048088243,3.06447812419257,1.20040357013534,0.229982643008793,0.368964959647201
"Kribbella sp. CA-247076",7.66592898871126,3.63492780825556,3.05535582326114,1.18969050366638,0.234168059195702,0.374333169897072
"Alteromonas sp. M12",2.21307591780765,3.61088648580746,3.0518800136916,1.18316790621125,0.236742609603732,0.377097156725945
"Parolsenella catena",17.5553888589151,-3.1541389959964,2.71835179617039,-1.16031302513528,0.245921383317638,0.390323619073547
"Amycolatopsis mongoliensis",2.06218437795713,3.52752165336414,3.05454308837722,1.15484429300953,0.248154195139223,0.391323371027919
"Synechococcus sp. MIT S9452",109.895909085365,2.66628187286563,2.30952187893692,1.15447352856122,0.248306085203814,0.391323371027919
"Cryptococcus gattii",139.513243323077,-3.42229192706075,2.97011766539861,-1.15224119466036,0.249221974062136,0.391383804337016
"Vairimorpha necatrix",1.31983981425234,-3.4953812362362,3.04587799557226,-1.14757755934984,0.251142998116165,0.391648596201022
"Priestia megaterium",3.05149100498194,-3.47273116292073,3.0261653454118,-1.14756821473288,0.25114685765357,0.391648596201022
"Microbulbifer sp. SAOS-129_SWC",5.30718160756933,3.4699364945578,3.0614122032165,1.13344308581252,0.257028229150465,0.39875450041658
"Methanospirillum lacunae",2.35576182039028,3.46070019903599,3.05623883121554,1.13233958147819,0.257491695336267,0.39875450041658
"Marinomonas vaga",1.26484648865849,-3.43606621274239,3.04682908629707,-1.12775154608963,0.25942486180275,NA
"Agrobacterium tumefaciens",45.8238842389828,2.97916325895793,2.68183682270141,1.11086671408927,0.266625724880022,0.411470841856367
"Buchnera aphidicola",1.81069847820626,3.37567203330005,3.05976767034538,1.10324455873443,0.269920975701859,0.415119845389755
"Streptomyces sp. SX92",2.48937424090632,-3.31169841655792,3.0292170029287,-1.09325228709469,0.27428304547762,0.42037882571484
"Pseudonocardia sp. Cha107L01",2.38230438108239,-3.27690934176772,3.02992043390059,-1.08151663162625,0.279467366570985,0.426857690036504
"Spiractinospora alimapuensis",2.27523452125846,-3.24051463939617,3.03067405177759,-1.06923891650292,0.284962027012984,0.432289333495888
"Pseudolabrys sp. FHR47",2.27523452125846,-3.24051463939617,3.03067405177759,-1.06923891650292,0.284962027012984,0.432289333495888
"Klebsiella pneumoniae",4670.34812063312,1.30681663891095,1.22688750105973,1.06514789480061,0.286809008366305,0.432765454026983
"Bdellovibrio sp. HAGR004",1.60950975840556,3.26044406602258,3.06361411483123,1.06424763165781,0.287216534511182,0.432765454026983
"Leishmania sp. Ghana 2012 LV757",2.19493212639052,-3.21207086591445,3.03127592671778,-1.05964318114466,0.289306960935048,0.434447490158355
"Kineothrix sedimenti",1.55921257845539,3.23441068138099,3.06439185436927,1.05548207771447,0.291204902025407,0.435830155380308
"Desulfosarcina alkanivorans",11.2303684269527,2.93036282882004,2.7875349692204,1.05123805124482,0.293149270970411,0.43727282559466
"Nocardia sp. CA-151230",1.50891539850522,3.20754549739597,3.06520893872557,1.04643616846869,0.295359701238478,0.43910142250787
"Wolbachia endosymbiont (group A) of Lypha dubia",2.06109480161061,-3.16226076657131,3.03235794503685,-1.04283888112453,0.297022920375056,0.44010705145274
"Cellulomonas sp. KU4C",2.03432733665463,-3.15191070290504,3.03258735379826,-1.03934704435054,0.298643362948598,0.441042847268459
"Clostridium botulinum",1.90049001187472,-3.09801625955765,3.03380797150383,-1.02116425583192,0.307176624083199,0.450065651210295
"Aeoliella mucimassa",1.35802385865469,3.12137432162109,3.06793254338973,1.01741947630058,0.308953920710453,0.450065651210295
"Streptomyces luteireticuli",1.87372254691873,-3.08678151432638,3.03406803329906,-1.01737386256629,0.308975611105057,0.450065651210295
"Pantoea ananatis",3.03330385987088,-3.09868551459481,3.04812643060774,-1.01658693795618,0.309349970592002,0.450065651210295
"Molluscipoxvirus molluscum",1.72776732337511,3.10905052669493,3.06532755639443,1.01426371880202,0.310456931285571,0.450065651210295
"Actinoplanes sp. CA-051413",1.84695508196275,-3.07538461583301,3.03433386277998,-1.01352875290243,0.310807669445675,0.450065651210295
"Schizosaccharomyces osmophilus",1.79342015205079,-3.05208571718786,3.03488368907838,-1.00566810127564,0.314575252560205,0.452452131872653
"Muricoccus radiodurans",1.79342015205079,-3.05208571718786,3.03488368907838,-1.00566810127564,0.314575252560205,0.452452131872653
"Pochonia chlamydosporia",104.561228760008,2.54792217097495,2.54418027604981,1.00147076642342,0.316599266448489,0.452452131872653
"Mycolicibacterium tokaiense",1.73988522213882,-3.02807720054303,3.0354593371498,-0.997568033109049,0.31848886856961,0.452452131872653
"Nocardioides ochotonae",1.73988522213882,-3.02807720054303,3.0354593371498,-0.997568033109049,0.31848886856961,0.452452131872653
"Capillimicrobium parvum",1.61978186566417,3.05911918035045,3.06691706438138,0.997457419334387,0.318542532304962,0.452452131872653
"Geothrix sp. 21YS21S-4",1.25742949875435,3.05857899122643,3.0700203310893,0.996273203878486,0.319117419704095,NA
"Glutamicibacter sp. X7",12.9679836655709,2.89012848790692,2.93029749928505,0.986291831669675,0.323989926937854,0.458728594965978
"Actinosynnema mirum",29.6068699622527,-2.64043928904702,2.71246917208838,-0.973444902606616,0.33033223128517,0.462665775864206
"Thiocystis violascens",1.156835138854,2.99068976651644,3.07238049003181,0.973411260818633,0.330348944446564,NA
"Streptomyces sp. GS7",1.57928043240293,-2.95133983720208,3.03736298569243,-0.971678344374525,0.331210593466249,0.462665775864206
"Actinomadura madurae",1.57928043240293,-2.95133983720208,3.03736298569243,-0.971678344374525,0.331210593466249,0.462665775864206
"Penicillium psychrofluorescens",40.0154117076818,-1.93628849428254,1.99751802649076,-0.969347194169864,0.332371989678261,0.462665775864206
"Puccinia triticina",95.5204527174154,-1.63176103128802,1.68481095311877,-0.968512834195108,0.33278831246666,0.462665775864206
"Serratia grimesii",15.484902145822,2.7618625628775,2.85287171077095,0.968099109556927,0.332994874556974,0.462665775864206
"Lodderomyces elongisporus",12.302867178975,-2.84659428247118,2.97414801390128,-0.957112513958986,0.338510467996464,0.468868536417462
"Seonamhaeicola sp. ABD4_340",1.47221057257901,-2.89570120799344,3.03880618314167,-0.952907501655706,0.340636938881955,0.470039610280028
"Alicyclobacillus sp. SO9",477.473788414329,1.25551461073446,1.32134132490395,0.950181900067134,0.34201983388406,0.470039610280028
"Candidatus Lariskella endosymbiont of Hedychridium roseum",1.05624077895365,2.9167945495813,3.07507733092582,0.948527219217324,0.342861122703931,NA
"Halomonas sp. JS92-SW72",1.44544310762302,-2.88115778000167,3.03919245683702,-0.948001095988565,0.343128896251189,0.470039610280028
"Nibribacter ruber",10.4958755917243,2.66414988899491,2.82492550947725,0.943086775228955,0.345636519571619,0.470039610280028
"Streptomyces sp. NBC_00536",1.41867564266704,-2.86634246261822,3.0395898853515,-0.943003026964856,0.345679354645402,0.470039610280028
"Dactylosporangium sp. CA-139114",1.41867564266704,-2.86634246261822,3.0395898853515,-0.943003026964856,0.345679354645402,0.470039610280028
"Babesia bovis",1.39190817771106,-2.85124297633598,3.03999904309568,-0.937909169021486,0.348291090752742,0.471174157261972
"Theileria parva",29.7061636995267,1.84777347700843,1.97147037299293,0.937256528082282,0.348626618601908,0.471174157261972
"Algiphilus sp.",1.24183276367586,2.85452484805028,3.07403099829583,0.928593384267356,0.353099851715546,NA
"Usitatibacter rugosus",1.24183276367586,2.85452484805028,3.07403099829583,0.928593384267356,0.353099851715546,NA
"Spirosoma radiotolerans",1.24183276367586,2.85452484805028,3.07403099829583,0.928593384267356,0.353099851715546,NA
"Candidozyma auris",92.033286164501,1.70635118382574,1.84572211062527,0.924489756070421,0.355231382534452,0.478650140816814
"Nakamurella sp. A5-74",1.31160578284311,-2.80413625163827,3.04130276539157,-0.922018117876285,0.356519125260668,0.478938342970657
"Thiohalobacter sp. IOR34",1.18784003482039,2.82045171518231,3.07531651590821,0.917125668396241,0.359076791849998,NA
"Streptomyces sp. CMB-StM0423",1.28483831788713,-2.78779008552954,3.04176498636352,-0.91650410141067,0.359402557273916,NA
"Arboribacterium acericorticis",1.25807085293115,-2.77109786012988,3.04224229835525,-0.910873490131948,0.362362035071162,NA
"Purpureocillium takamizusanense",125.670953739047,1.9132501248582,2.10233164639684,0.910061040149065,0.362790319562856,0.485899346922023
"Cutaneotrichosporon cavernicola",39.4973147920502,-1.99176616787968,2.21847649194105,-0.897808101692794,0.369287864679028,0.492390168151301
"Gorganvirus isfahan",2.32553295923434,-2.7401404381113,3.05558556055144,-0.896764428228541,0.369844633028443,0.492390168151301
"Nitratireductor aquimarinus",30.8437794852569,2.50775670910009,2.84049527126936,0.882858962824264,0.37731247825287,0.500837396728512
"Trichococcus flocculiformis",1.12423352815124,-2.68191386261587,3.0448863373085,-0.880792767123955,0.378429995264354,NA
"Jannaschia sp. M317",1.12423352815124,-2.68191386261587,3.0448863373085,-0.880792767123955,0.378429995264354,NA
"Zygotorulaspora mrakii",97.5228790866944,1.84744623062154,2.09910133171384,0.880112933430025,0.37879813339868,0.501317410966799
"Clostridium perfringens",1.0439311332833,-2.62314587164407,3.04671844893233,-0.8609741646995,0.389252272334196,NA
"Streptomyces sp. BBFR51",1.0439311332833,-2.62314587164407,3.04671844893233,-0.8609741646995,0.389252272334196,NA
"Vibrio sp. 16",1.0439311332833,-2.62314587164407,3.04671844893233,-0.8609741646995,0.389252272334196,NA
"Periweissella cryptocerci",1.01716366832731,-2.60254667078855,3.0473782362584,-0.854028108431983,0.393089415301043,NA
"Desulfocapsa sulfexigens",1.01716366832731,-2.60254667078855,3.0473782362584,-0.854028108431983,0.393089415301043,NA
"Fusarium fujikuroi",0.990396203371331,-2.58139578706823,3.04806536457328,-0.84689646654924,0.397052832157322,NA
"Hungatella sp. SB206",0.990396203371331,-2.58139578706823,3.04806536457328,-0.84689646654924,0.397052832157322,NA
"Puccinia striiformis",208.975488862153,-1.70337206926188,2.03714518170693,-0.836156443123319,0.403066898572399,0.528797421953318
"Neurospora crassa",40.1842725295991,-2.07161051453722,2.48093597582081,-0.835011678949852,0.403711132693476,0.528797421953318
"Pyrenophora tritici-repentis",260.570994210814,-1.2385627825062,1.48450258209798,-0.834328479749624,0.404095907422116,0.528797421953318
"Fusarium keratoplasticum",492.16728547629,2.25559930308184,2.70469232329143,0.833957816073116,0.404304755349959,0.528797421953318
"Caldilinea tarbellica",0.936861273459367,-2.53732414157946,3.04952949725596,-0.832037907441988,0.405387547986607,NA
"Alcanivorax sp.",0.936861273459367,-2.53732414157946,3.04952949725596,-0.832037907441988,0.405387547986607,NA
"Halorubrum trapanicum",0.936861273459367,-2.53732414157946,3.04952949725596,-0.832037907441988,0.405387547986607,NA
"Aspergillus fumigatus",113.314582459876,2.39803045554537,2.90683852880455,0.82496170041188,0.409393334982189,0.533887214625896
"Plasmodium chabaudi",0.910093808503385,-2.51433470402716,3.05031095383631,-0.824287996233608,0.409775937516534,NA
"Fibrobacter succinogenes",0.883326343547403,-2.49065803339757,3.05112872636954,-0.816307097066057,0.414324516302549,NA
"Verrucomicrobium spinosum",0.883326343547403,-2.49065803339757,3.05112872636954,-0.816307097066057,0.414324516302549,NA
"Giardia duodenalis",46.2752362364246,-2.14384423799926,2.65029415580487,-0.808908035096278,0.418568046750704,0.544260492276426
"Hypericibacter adhaerens",0.856558878591421,-2.46625193488303,3.05198568971221,-0.808081093956763,0.419043900437378,NA
"Porphyromonas sp. oral taxon 275",0.82979141363544,-2.4410716150747,3.05288501520856,-0.799595006989786,0.423945481284469,NA
"Streptacidiphilus sp. P02-A3a",0.803023948679458,-2.41506631037094,3.05383028043722,-0.790831869682414,0.429042109799913,NA
"Iamia sp. SCSIO 61187",0.776256483723476,-2.38817804468131,3.05482554523794,-0.781772317049057,0.434348392807213,NA
"Macellibacteroides fermentans",0.776256483723476,-2.38817804468131,3.05482554523794,-0.781772317049057,0.434348392807213,NA
"Paludibaculum fermentans",0.776256483723476,-2.38817804468131,3.05482554523794,-0.781772317049057,0.434348392807213,NA
"Aspergillus nidulans",0.749489018767494,-2.3603480296838,3.0558752615329,-0.772396720309778,0.439879495756033,NA
"Candida albicans",0.749489018767494,-2.3603480296838,3.0558752615329,-0.772396720309778,0.439879495756033,NA
"Saccharomyces paradoxus",0.749489018767494,-2.3603480296838,3.0558752615329,-0.772396720309778,0.439879495756033,NA
"Alkaliphilus oremlandii",0.749489018767494,-2.3603480296838,3.0558752615329,-0.772396720309778,0.439879495756033,NA
"Succinivibrio dextrinosolvens",0.749489018767494,-2.3603480296838,3.0558752615329,-0.772396720309778,0.439879495756033,NA
"Arcobacter porcinus",0.749489018767494,-2.3603480296838,3.0558752615329,-0.772396720309778,0.439879495756033,NA
"Coccidioides posadasii",226.724418973772,1.87895399844143,2.45853781956468,0.764256699038342,0.444714284056413,0.576577240375466
"Australozyma saopauloensis",0.722721553811512,-2.33150511818333,3.05698460020588,-0.762681342269866,0.445653460320946,NA
"Streptomyces sp. CA-111067",0.722721553811512,-2.33150511818333,3.05698460020588,-0.762681342269866,0.445653460320946,NA
"Pendulispora rubella",0.722721553811512,-2.33150511818333,3.05698460020588,-0.762681342269866,0.445653460320946,NA
"Fibrella aestuarina",5.38021361928525,-2.26154267932481,2.97907891088104,-0.759141582676633,0.447767866726967,0.578511954694238
"Rhizoctonia solani",52.2852550322958,-1.38888393799334,1.83371381788013,-0.757415865251519,0.448800754090149,0.578511954694238
"Lacticaseibacillus zeae",0.69595408885553,-2.30157557220718,3.05815930338967,-0.752601595886817,0.451689358356825,NA
"Leucobacter sp. CX169",0.69595408885553,-2.30157557220718,3.05815930338967,-0.752601595886817,0.451689358356825,NA
"Nocardioides terrisoli",0.69595408885553,-2.30157557220718,3.05815930338967,-0.752601595886817,0.451689358356825,NA
"Halobaculum sp. CBA1158",0.669186623899548,-2.27047200040214,3.05940604652589,-0.742128362784786,0.458009566853466,NA
"Leptothermofonsia sp. ETS-13",4.15452829626058,-2.21678915937202,2.9971039110167,-0.73964374449067,0.459516191029244,0.589776445113807
"Colletotrichum higginsianum",480.191227407911,1.08826585301433,1.47888916998672,0.73586707854795,0.461811594075994,0.589776445113807
"Symmachiella dynata",11.8546690201634,2.08457145344312,2.83633451308334,0.734952610077369,0.462368356043841,0.589776445113807
"Cryptococcus bacillisporus",25.0669019142846,-2.18574861656545,2.97706257395184,-0.734196397378382,0.462829048856127,0.589776445113807
"Talaromyces marneffei",23.5325916780723,2.12019083302243,2.91281574366851,0.727883608028079,0.466684838270179,0.592995549482905
"Venatoribacter cucullus",0.615651693987584,-2.20435400321349,3.06214704404128,-0.719872028191137,0.471603791753686,NA
"Gemmatimonas aurantiaca",0.615651693987584,-2.20435400321349,3.06214704404128,-0.719872028191137,0.471603791753686,NA
"Candidatus Uabimicrobium amorphum",0.615651693987584,-2.20435400321349,3.06214704404128,-0.719872028191137,0.471603791753686,NA
"Mycolicibacterium mageritense",27.0015965460909,-2.00963124718147,2.88334485350168,-0.696979150704387,0.485815841766278,0.614128140763465
"Malassezia restricta",93.9412138173664,1.99088181344944,2.85810918545446,0.696573043318803,0.486070030693953,0.614128140763465
"Stackebrandtia nassauensis",0.56211676407562,-2.13222650166521,3.06528379570397,-0.695604923972635,0.486676281675819,NA
"Cercospora beticola",517.482511961183,-1.75083460075153,2.53926350725519,-0.689504888228041,0.490505598155799,0.617981629314934
"Prosthecobacter fluviatilis",6.70542576802908,-1.92431494933586,2.97119645797703,-0.647656584326319,0.517207090652024,0.649786936424797
"Pontivivens nitratireducens",19.6889775830472,1.87307251593133,2.91469260820158,0.642631236879231,0.520463409259006,0.652041237442462
"Shewanella sp. NFH-SH190041",5.80918998979408,-1.89384422995599,2.97305925207327,-0.637001845366962,0.5241236415801,0.654787518612674
"Brettanomyces bruxellensis",49.7692535282944,-1.45627408843422,2.32109668958253,-0.627407765893693,0.530391978488164,0.659647113291611
"Remersonia thermophila",267.537683775081,-0.784124536781276,1.25189421996929,-0.626350472966085,0.531085087286139,0.659647113291611
"Drechmeria coniospora",150.090967033177,1.64982754344257,2.64281282186312,0.624269539558038,0.532450584719686,0.659647113291611
"Mycolicibacterium psychrotolerans",41.6698103908043,-1.81165393819517,2.96567800494857,-0.610873444511584,0.54128336646116,0.668732358564203
"Halapricum desulfuricans",23.2931659943814,1.6393727008297,2.69535733366366,0.608220913922898,0.543040965516701,0.669050471327206
"Acidocella aluminiidurans",28.310162978111,1.61501622870828,2.68489611523197,0.601519075373516,0.547494310540354,0.672678960057846
"Methanofollis aquaemaris",34.1901924950604,-1.54082794058754,2.75290602745698,-0.559709603313592,0.57567753093587,0.703998224711278
"Streptomyces purpurascens",169.399602729315,-1.44137652272554,2.59260031372478,-0.555957860181974,0.578239662551341,0.703998224711278
"Guillardia theta",14.1233542745982,-1.60806431748038,2.90251244400635,-0.554024952003568,0.579561769326672,0.703998224711278
"Kwoniella mangrovensis",74.2088388998039,-1.3755912296601,2.48426477861535,-0.553721665058108,0.579769345878445,0.703998224711278
"Desmodus rotundus endogenous retrovirus",224.389023557864,-0.68915291921059,1.248231438971,-0.552103478325063,0.580877458954597,0.703998224711278
"Plasmodium knowlesi",2096.82119474641,-0.691962838380511,1.29567476800313,-0.534055964867597,0.593302814704949,0.717108551106795
"Emcibacter sp.",14.0363879932048,1.46826144083141,2.77465441545904,0.52916912198181,0.596688134762831,0.717349161148479
"Zymoseptoria tritici",156.343652140102,1.53711718488244,2.90501678134948,0.52912506211699,0.596718696829789,0.717349161148479
"Amylibacter sp. IMCC11727",21.6291410511876,1.12940663926965,2.18948366509564,0.515832411666024,0.605971463112814,0.726514173516976
"Avian retrovirus IC10",3.45642381702746,-1.53389543046004,3.00592520303273,-0.510290618313611,0.609847874415609,0.72920147986424
"Fusarium falciforme",107.057644620832,1.16762999359693,2.51661584280219,0.463968307652708,0.642670451950054,0.766393105801402
"Aspergillus puulaauensis",141.961706956599,0.714733613317919,1.55739968793597,0.458927543683509,0.646286198583197,0.767755486895638
"Plasmodium vivax",2273.64249476354,0.611011879683363,1.34238849084056,0.45516769836187,0.648988597148384,0.767755486895638
"Lachancea thermotolerans",8.88595802564035,1.27148587866514,2.80922102794778,0.452611548189215,0.650828481696241,0.767755486895638
"Pichia kudriavzevii",56.0900545711409,0.841915229230704,1.86306778020351,0.451897262234195,0.651342996838735,0.767755486895638
"Cryptococcus depauperatus",55.140514001126,-1.18321573431607,2.63190588295368,-0.449566126957473,0.653023316968705,0.767755486895638
"Trichomonas vaginalis",23.4250172165645,0.975150880923599,2.18744685032414,0.445794091307454,0.655745990325049,0.767755486895638
"Bordetella sp. H567",54.8056699925666,1.21316660462358,2.73687885785162,0.443266460677724,0.657573012116124,0.767755486895638
"Lentilitoribacter sp. JB5-8",7.51459456292398,1.29389633877294,2.93282635460314,0.441177274863933,0.659084663731639,0.767755486895638
"Hydrogenophaga sp. NH-16",26.8114962939943,1.31779112563329,2.98905658505825,0.440871923342196,0.659305720809483,0.767755486895638
"Aspergillus luchuensis",246.813238861708,0.576217210705249,1.32361120956818,0.435337209703169,0.663317679761634,0.770415846806481
"Hymenobacter sp. DG25A",78.2048309252301,0.793110311855527,1.89398008859167,0.418753247002332,0.675396476626074,0.782407346948647
"Leishmania sp. Namibia",6.01642822625721,-1.25247671354906,3.0089098688515,-0.416255975798679,0.677222703461414,0.78249048120153
"Vibrio anguillarum",13.8256197534749,-1.04237134909568,2.5569906708065,-0.407655515132132,0.683526600930429,0.787733498746696
"Pyruvatibacter mobilis",62.0002585664501,0.651806710016847,1.65633637694268,0.393523150907289,0.693933128459935,0.796292463840746
"Eremothecium gossypii",558.024134713653,-0.687832435949997,1.75144462103991,-0.392722914380017,0.694524144470964,0.796292463840746
"Mycosarcoma maydis",151.546306673476,-0.491980899484197,1.27338710340474,-0.386356119179122,0.699232943686399,0.799635622779831
"Paraburkholderia phenoliruptrix",7.20969483671429,1.12368743836361,2.93350244598992,0.383053179280515,0.701680334239876,0.800382171537046
"Kwoniella europaea",19.656157517551,-0.953701810886714,2.57109583947201,-0.37093203459991,0.710688154380643,0.808589073606548
"Thalassobacter stenotrophicus",25.00257961104,-1.06315396980793,2.89607867712456,-0.367101204192252,0.713543529094462,0.809772045740789
"Spiribacter salinus",60.5017546700184,-0.583391463783586,1.67678339308263,-0.347922973349032,0.72789803164745,0.822608663385496
"Toxoplasma gondii",888.22170368069,-0.463737516460134,1.33617449755109,-0.347063588857638,0.728543547168768,0.822608663385496
"Kwoniella dejecticola",34.4139048544591,-0.883526943861005,2.58536629486344,-0.341741495437757,0.732545441282842,0.823451004723539
"Candidatus Kurthia intestinigallinarum",5.74814927926674,-1.01932709105111,2.98781590356733,-0.341161277652374,0.73298217236602,0.823451004723539
"Actinomyces israelii",12.6339739640077,-0.988930843539917,2.94913153168891,-0.335329514100572,0.73737653222819,0.826306365260736
"Imbroritus primus",737.246319486012,0.513935297716262,1.59754511381652,0.32170315146123,0.747677590152697,0.835749887739606
"Hymenobacter aerilatus",10.5282257262482,-0.949100774343218,2.9785831997818,-0.318641686561834,0.749998238564839,0.836248035999796
"Mycobacterium xenopi",18.1561975908868,0.910926649094002,2.91416805256632,0.312585490151059,0.754595603277659,0.839275907884877
"Neospora caninum",33.0797546281632,-0.877959917333623,2.90840666258508,-0.301869724281702,0.762751376243842,0.846236601504362
"Thalassiosira pseudonana",41.9378465565315,0.489111710226427,1.77132004003955,0.276128367076741,0.782449473567216,0.865936638240641
"Thiomicrorhabdus indica",2.98126018687118,-0.822186125580646,3.02456055630563,-0.271836556178896,0.785747695474963,0.867434337083747
"Dictyostelium discoideum",11.7906811583299,-0.675729759763357,2.55855878405951,-0.264105622264116,0.791698531724173,0.86785986776447
"Phenylobacterium zucineum",9.71881328850506,-0.766764855217688,2.93689588976693,-0.261080025985714,0.794030794594998,0.86785986776447
"Rhizophagus irregularis",27.0480744952868,-0.517357916568061,1.9896743674177,-0.260021401009209,0.794847265615736,0.86785986776447
"Sporisorium graminicola",577.441869798402,-0.340494689469246,1.31151252636122,-0.259619853127857,0.795157020734057,0.86785986776447
"Marasmius oreades",60.3632073478423,0.479480231924725,1.85730064081854,0.258159729979639,0.796283635532238,0.86785986776447
"Streptomyces nigra",6.87285685495676,0.762898308439969,3.00531767438821,0.253849473199292,0.799611850871332,0.86785986776447
"Propioniciclava coleopterorum",11.2130912420849,0.760582239613363,2.99837123762081,0.253665133279787,0.799754272760532,0.86785986776447
"Metarhizium brunneum",19.1756292566478,-0.64726514182787,2.66010443694401,-0.243323206727727,0.807755028157532,0.874414423685095
"Kwoniella shandongensis",30.579278910498,0.668783049555902,2.79846059752341,0.238982478491126,0.81111916927881,0.875358908292828
"Syntrophotalea acetylenica",76.0330790291506,0.508122315339333,2.14314459893268,0.23709194218271,0.812585463382835,0.875358908292828
"Staphylococcus aureus",4605.32706185454,-0.286418689395042,1.22085666953538,-0.234604680911514,0.814515576102071,0.875358908292828
"Talaromyces rugulosus",20.1487735211818,-0.680261008526254,2.94033646467344,-0.231354818300295,0.817039162771882,0.875960256241008
"Achromobacter denitrificans",80.5363201661017,0.656460839361848,2.96372551323282,0.22149852826478,0.824704282417868,0.882057817645969
"Malassezia vespertilionis",42.9815577957392,0.637578995389753,2.91501027921714,0.218722726274908,0.826866044587887,0.882254200684683
"Vanrija pseudolonga",335.275632002762,0.260951567435759,1.2139222418757,0.214965636540729,0.829794110299059,0.883265329817137
"Tigrvirus phiE094",186.63509099478,0.445235922028249,2.13857789670204,0.208192520232655,0.835078648628665,0.886773993543773
"Candidatus Contubernalis alkaliaceticus",16.1663026334417,0.475510233189887,2.65279761358564,0.179248590527479,0.857742511787172,0.908677340278097
"Cryptomonas paramaecium",5.56512858989421,-0.505038346237626,3.01004117024684,-0.16778453106547,0.86675279239461,0.916046790066341
"Vibrio parahaemolyticus",180.704327962889,0.285802952518132,1.76226248709011,0.162179558727404,0.871164456461501,0.91853273660007
"Malassezia japonica",110.732221061426,-0.369067873392098,2.35187520783271,-0.156924938943593,0.875304004922996,0.920720722159566
"Agromyces soli",3.56202788075378,0.426335321900674,3.01378417741737,0.141461795803181,0.887505139020928,0.927678353433339
"Bigelowiella natans",5.91585242798302,-0.423586751183422,3.00853777283033,-0.140794892126259,0.888031978362591,0.927678353433339
"Acetobacter vaccinii",39.6342558645856,0.316538087240175,2.29066099061605,0.138186352558021,0.890093140699342,0.927678353433339
"Trichoderma asperellum",112.237882367634,-0.287516779477412,2.08341676323921,-0.13800252765097,0.890238419886702,0.927678353433339
"Thalassospira indica",4.9481034990761,-0.371574556905429,3.01148818971209,-0.123385692885933,0.901801685924893,0.93753741706877
"Actinomyces capricornis",24.39005555695,0.322313965446106,2.67463118994366,0.120507816800303,0.90408088786108,0.937721106944283
"Cyanidioschyzon merolae",137.173783140159,0.141890735567634,1.23859941600518,0.114557405513132,0.908795942838595,0.940424571939706
"Thermothelomyces thermophilus",71.4202025724501,0.234723054704101,2.09826046266822,0.111865547142617,0.910930014491808,0.940450894591079
"Zavarzinia sp. CC-PAN008",154.398367668699,0.135399743717436,1.30164781642423,0.10402179607184,0.917152051637007,0.944687794526802
"Aerophototrophica crusticola",3.76987724206938,0.29077193170693,3.01541684989137,0.0964284363262762,0.923180308429213,0.948706031242924
"Streptomyces sp. BB1-1-1",3.95816509464827,0.257485334495328,3.01438079454404,0.0854189805619019,0.931928304003338,0.955494307093077
"Brettanomyces nanus",4.54613372579286,-0.222475060739562,3.01245913412077,-0.0738516443989854,0.941128432897765,0.962647276980074
"Desulfococcus multivorans",84.6949388039821,0.132942081822418,1.86660664218278,0.0712212625938998,0.943221659283167,0.962647276980074
"Podospora pseudocomata",9.39723894180221,0.141361342991464,3.00012563914706,0.0471184743555117,0.962418803283642,0.979997228914393
"[Enterobacter] lignolyticus",2.01763144845583,-0.0836242983328971,3.03150547106906,-0.0275850725426555,0.977993087521136,0.99358751032899
"Theileria orientalis",64.8002860907984,0.0338779438366298,1.92245284231989,0.0176222496026213,0.985940206815875,0.997425920902648
"Azospirillum brasilense",5.22081393701451,-0.0507055689524321,3.00938651719616,-0.016849138076047,0.986556968934049,0.997425920902648
"Thermothielavioides terrestris",742.653482595472,0.018601447362689,1.35267932459548,0.0137515573901832,0.989028190477079,0.997425920902648
"Sordaria macrospora",79.1828105553286,0.0161593225408251,1.61350763096679,0.0100150270322197,0.992009298134112,0.997425920902648
"Psilocybe cubensis",23.1926210678763,0.0257159122695773,2.91166813599462,0.00883202036374684,0.992953158925506,0.997425920902648
"Spironucleus salmonicida",1.85656885977643,0.0113315562120352,3.03376008356215,0.00373515238513191,0.997019786509332,0.999260280411601
"Streptomyces sp. NBC_01614",300.607097681881,6.30203587679777e-05,2.95277734949085,2.13427398374092e-05,0.9999829709574,0.9999829709574
